{
      "Type":"keyboard",
      "Buttons":[
         {
            "Columns": 6,
	        "Rows": 1,
            "ActionBody":"/start",
            "Text": "<font color=\"#494E67\" size=\"10\"><b>СТАРТ</b></font>",				
			"TextSize": "medium",
			"TextHAlign": "center",
			"TextVAlign": "center",
			"BgColor": "#f7bb3f"
		}, {
            "Columns": 6,
	        "Rows": 1,
            "ActionBody":"/tdisable",
            "Text": "<font color=\"#c7c7c7\" size=\"10\"><b>ОТКАЗАТЬСЯ ОТ НАПОМИНАНИЙ</b></font>",
			"TextSize": "medium",
			"TextHAlign": "center",
			"TextVAlign": "center",
			"BgColor": "#ff2e00"
		}
      ]
}